id_producent;nazwa
1;Mauris Non Dui Consulting
2;Suspendisse Ltd
3;Quam Elementum LLC
4;Lectus LLP
5;Ac Inc.
6;Interdum Libero Foundation
7;Cursus Vestibulum LLC
8;A Feugiat Limited
9;Donec Corp.
10;Elit Curabitur Sed Corp.
11;Eu Enim Corp.
12;A Aliquet Vel Corporation
13;Parturient Consulting
14;Eu Enim Etiam Corp.
15;Sapien Molestie Orci Foundation
16;Ultricies Sem Magna Corporation
17;Ridiculus Corporation
18;Dictum Magna Ut LLP
19;Sit Industries
20;Molestie Incorporated
21;Lacus Quisque Consulting
22;Eros PC
23;Blandit At Nisi Consulting
24;Libero LLP
25;At Associates
26;Nec Metus Facilisis Corporation
27;Risus Incorporated
28;Turpis In Associates
29;Nascetur Ridiculus Industries
30;Tristique Senectus Et Consulting
31;Dui Fusce Incorporated
32;Mi Consulting
33;Felis Donec Tempor Consulting
34;Metus Urna Convallis Corporation
35;Nulla Ante Corporation
36;Duis Ac Arcu Company
37;Nulla Dignissim Incorporated
38;Enim Associates
39;Lacus Cras Ltd
40;Leo Morbi Neque Corp.
41;Dui Suspendisse Inc.
42;Laoreet Foundation
43;Etiam Associates
44;Gravida Sagittis Duis Corp.
45;Purus Maecenas LLC
46;Ridiculus Mus Industries
47;Odio Foundation
48;Ac Fermentum Corporation
49;Nisi Mauris Associates
50;Vitae Institute
51;Mauris Ltd
52;Ligula Consectetuer Rhoncus Industries
53;Aliquet Industries
54;Tempor Ltd
55;Diam Vel Arcu Incorporated
56;Ut Pharetra Sed Foundation
57;Quisque LLP
58;Congue Turpis Associates
59;Ornare Libero At Inc.
60;Duis Dignissim Tempor PC
61;Mauris Non Dui LLC
62;Vitae Erat Vel Associates
63;Risus LLC
64;Facilisi Sed Neque Company
65;Diam Pellentesque Habitant Foundation
66;Lacus Quisque Corporation
67;Fusce Aliquet Magna Limited
68;Tempor Erat Neque Corp.
69;Lorem Ipsum Dolor Corp.
70;Ligula Donec Luctus LLP
71;Diam Eu Dolor Institute
72;Congue Turpis Company
73;Sit LLP
74;Curabitur Massa Vestibulum Associates
75;Metus PC
76;Luctus Lobortis Class PC
77;Cras PC
78;Neque Vitae Semper Company
79;Tincidunt Consulting
80;Nec Inc.
81;Cras Vehicula PC
82;Ridiculus LLP
83;Auctor Odio Company
84;Vulputate LLP
85;Nec Associates
86;Parturient Montes Corp.
87;Cras Vulputate Velit PC
88;Molestie Sodales Mauris Industries
89;Massa Corporation
90;Eu Placerat Eget Foundation
91;Pede Limited
92;Lectus Rutrum Incorporated
93;Nulla Eget Metus Inc.
94;Ut Nec Inc.
95;Tincidunt Congue LLP
96;Elit Institute
97;Fringilla Euismod Enim Institute
98;Duis Risus Odio PC
99;Velit In Aliquet Corporation
100;Ut Nec Urna Corp.