id_ulica;id_kod_pocztowy;nazwa
1;1;420-2328 Felis Av.
2;2;795-1442 Et, St.
3;3;3642 Vitae Street
4;4;Ap #113-5031 Magna Avenue
5;5;Ap #931-2921 Odio, Rd.
6;6;P.O. Box 474, 4081 Mollis Rd.
7;7;587 Ipsum St.
8;8;1937 Quisque Street
9;9;Ap #775-4370 Ligula. Av.
10;10;5543 Pede Ave
11;11;5841 In, St.
12;12;P.O. Box 907, 2267 Sed Ave
13;13;2556 Primis Avenue
14;14;P.O. Box 424, 8355 Imperdiet Street
15;15;9816 Mi Avenue
16;16;907-5646 Venenatis St.
17;17;P.O. Box 477, 1648 A, St.
18;18;Ap #637-4854 At Av.
19;19;163-6003 Mi. Street
20;20;P.O. Box 631, 1891 Venenatis Rd.
21;21;381-6172 Aliquet St.
22;22;P.O. Box 812, 2350 Donec Road
23;23;6836 Imperdiet Street
24;24;P.O. Box 818, 9570 Gravida Rd.
25;25;P.O. Box 436, 2076 Augue Road
26;26;178-384 Non, Rd.
27;27;P.O. Box 593, 9334 Gravida Avenue
28;28;937-873 Justo Road
29;29;267-7920 Vestibulum St.
30;30;P.O. Box 922, 723 Purus, Street
31;31;418-1724 Dapibus Rd.
32;32;811-9381 Feugiat. Rd.
33;33;Ap #438-7478 Tristique Rd.
34;34;7607 A Avenue
35;35;2986 Magna. Rd.
36;36;P.O. Box 945, 7715 Sit Rd.
37;37;814-7848 Porttitor Road
38;38;Ap #703-3409 Sed St.
39;39;3262 Gravida. Avenue
40;40;163-6810 Cras Av.
41;41;7166 Placerat St.
42;42;P.O. Box 731, 2167 Lorem Street
43;43;P.O. Box 360, 9647 Commodo Street
44;44;6041 Luctus, St.
45;45;P.O. Box 364, 9409 Sem Street
46;46;5391 Ullamcorper St.
47;47;774-8600 Vitae, St.
48;48;P.O. Box 265, 9291 Duis Av.
49;49;804-5380 Sed Avenue
50;50;Ap #677-1306 Eu St.
51;51;689-7629 Turpis Road
52;52;1766 Tempus Street
53;53;529-192 Arcu. Av.
54;54;Ap #768-589 Mattis. Road
55;55;Ap #786-5378 Eu Ave
56;56;P.O. Box 610, 1292 Erat, Rd.
57;57;8184 Cum Street
58;58;Ap #143-6694 Quisque Ave
59;59;P.O. Box 986, 1663 Pellentesque Ave
60;60;953-4828 Luctus Rd.
61;61;8084 Nec, Rd.
62;62;463-9616 Mi. Rd.
63;63;4491 Neque Rd.
64;64;371-8907 Iaculis Av.
65;65;676-4589 Amet Rd.
66;66;Ap #906-177 Egestas Ave
67;67;Ap #493-9635 Fusce St.
68;68;6908 Et Avenue
69;69;Ap #678-5488 Pharetra St.
70;70;Ap #966-5681 Egestas. Av.
71;71;P.O. Box 759, 9874 Nibh. Avenue
72;72;6763 Malesuada Avenue
73;73;P.O. Box 590, 6311 Malesuada Road
74;74;3413 Lorem, Ave
75;75;P.O. Box 320, 6499 Volutpat Street
76;76;P.O. Box 460, 729 Maecenas Street
77;77;6208 Magna. Road
78;78;Ap #643-2038 Varius Street
79;79;Ap #881-9425 Sagittis. Av.
80;80;P.O. Box 572, 2935 Fames Road
81;81;P.O. Box 184, 7068 Habitant Road
82;82;Ap #409-3553 Cursus Street
83;83;379-5300 Scelerisque Ave
84;84;928-4490 Convallis Avenue
85;85;852 Ornare Av.
86;86;Ap #297-2946 Ac St.
87;87;2312 Dui, Road
88;88;6710 Nulla Road
89;89;P.O. Box 767, 5955 Quis St.
90;90;2103 Molestie Ave
91;91;6759 Proin Road
92;92;341-9868 Accumsan Av.
93;93;744-7806 Enim. Street
94;94;141-4795 Est, Road
95;95;2369 Duis St.
96;96;Ap #684-5242 Massa. St.
97;97;P.O. Box 338, 7317 Iaculis St.
98;98;Ap #604-5123 Posuere, Ave
99;99;P.O. Box 117, 4243 Proin Avenue
100;100;P.O. Box 554, 3211 Nam Av.
id_ulica;id_kod_pocztowy;nazwa
101;101;P.O. Box 512, 9249 Libero Road
102;102;P.O. Box 665, 2942 Consequat St.
103;103;2111 Purus St.
104;104;Ap #509-4145 Varius Road
105;105;P.O. Box 674, 4288 Nunc St.
106;106;336-7250 Elit St.
107;107;P.O. Box 761, 1580 Dolor Avenue
108;108;P.O. Box 576, 1805 Nunc. Road
109;109;845-8678 Placerat, St.
110;110;157-7500 Eu, Rd.
111;111;713-7707 Dictum Rd.
112;112;Ap #849-9616 Curabitur Street
113;113;532-7239 Diam Rd.
114;114;2941 Vestibulum Avenue
115;115;Ap #356-3197 Tristique Avenue
116;116;6553 A St.
117;117;4408 Adipiscing Street
118;118;P.O. Box 263, 1886 Cum Street
119;119;942-2076 Facilisis. St.
120;120;Ap #898-9301 Erat Rd.
121;121;Ap #408-3277 Interdum Rd.
122;122;736-8349 Semper Avenue
123;123;Ap #578-139 Quam Rd.
124;124;Ap #977-5216 Orci, Rd.
125;125;783-5814 Varius Street
126;126;Ap #597-4039 Nullam Road
127;127;P.O. Box 136, 2373 Urna Street
128;128;P.O. Box 159, 2653 Curabitur St.
129;129;Ap #630-8381 Dui Avenue
130;130;Ap #134-4322 Neque Avenue
131;131;Ap #791-7770 Sem, Ave
132;132;P.O. Box 640, 1528 Dui. Ave
133;133;965-7464 Neque Ave
134;134;P.O. Box 464, 2125 Massa. Street
135;135;Ap #868-3050 Faucibus St.
136;136;P.O. Box 667, 547 Penatibus Road
137;137;P.O. Box 177, 5845 Ornare, Avenue
138;138;P.O. Box 512, 1580 Nascetur Street
139;139;506-6282 Elementum, Avenue
140;140;P.O. Box 786, 9395 Elit Rd.
141;141;196-3434 Nec Avenue
142;142;P.O. Box 503, 2583 A, Rd.
143;143;Ap #965-8450 Aliquet. Rd.
144;144;982 Erat, Rd.
145;145;8218 Aliquam Rd.
146;146;P.O. Box 898, 7060 Ac Avenue
147;147;4440 Felis. Road
148;148;Ap #762-9055 Pellentesque Road
149;149;530-3290 Odio, Avenue
150;150;517-8747 Sit St.
151;151;P.O. Box 770, 5366 Ipsum. Street
152;152;8504 Sociis Road
153;153;1830 A Rd.
154;154;Ap #796-7788 Vitae Rd.
155;155;5576 Nec Rd.
156;156;3469 Nulla Road
157;157;Ap #920-8911 Curabitur Street
158;158;506-7118 Egestas. Av.
159;159;608-235 Erat St.
160;160;P.O. Box 700, 8479 Pretium Rd.
161;161;P.O. Box 987, 6129 In, Rd.
162;162;793-3858 Varius Av.
163;163;318-2799 Pretium Avenue
164;164;Ap #994-613 Ornare. Rd.
165;165;403-1806 Ipsum. Rd.
166;166;Ap #747-1860 Luctus St.
167;167;183-3892 Tellus, Av.
168;168;P.O. Box 124, 9225 Velit. Avenue
169;169;P.O. Box 608, 438 Donec St.
170;170;Ap #181-4867 Mauris Av.
171;171;906-5015 Ante Road
172;172;P.O. Box 707, 6662 Quam St.
173;173;3984 Morbi St.
174;174;6184 Sed Road
175;175;P.O. Box 661, 1289 Augue Avenue
176;176;P.O. Box 970, 1470 Morbi Ave
177;177;880-1546 Nunc Rd.
178;178;P.O. Box 727, 5615 Nascetur Avenue
179;179;P.O. Box 692, 879 Suscipit, St.
180;180;Ap #761-7304 Montes, Avenue
181;181;P.O. Box 745, 5698 Ac St.
182;182;4421 Donec St.
183;183;1197 Eu Street
184;184;5114 Pede. Avenue
185;185;3021 Consectetuer Rd.
186;186;P.O. Box 516, 8407 Blandit St.
187;187;Ap #532-9812 Nibh St.
188;188;Ap #195-8313 Phasellus St.
189;189;P.O. Box 952, 1056 Nec, Rd.
190;190;219-1109 Amet, St.
191;191;Ap #124-1188 Convallis Avenue
192;192;6057 Cras St.
193;193;Ap #145-8238 Ante St.
194;194;P.O. Box 748, 3075 Euismod Avenue
195;195;882-7756 Donec Ave
196;196;Ap #290-496 Ut, Street
197;197;9345 Blandit Av.
198;198;3536 A, St.
199;199;Ap #433-9212 Dignissim Rd.
200;200;P.O. Box 696, 1075 In Rd.
201;201;P.O. Box 411, 4127 Curabitur Rd.
202;202;Ap #453-6272 Velit St.
203;203;824-8390 Lorem Ave
204;204;939-8301 Eu, Avenue
205;205;233-7101 Lobortis Ave
206;206;Ap #727-1762 Urna. St.
207;207;312-7375 In Road
208;208;5767 Ullamcorper, Rd.
209;209;393-4344 Ut Rd.
210;210;Ap #203-5083 Eleifend. Rd.
211;211;4161 Lectus Avenue
212;212;Ap #371-4483 Magnis Av.
213;213;P.O. Box 487, 8643 Metus. Street
214;214;Ap #441-4022 Ut St.
215;215;5408 Ac St.
216;216;P.O. Box 546, 8796 Mattis. Av.
217;217;P.O. Box 945, 6659 Laoreet, Rd.
218;218;4374 Semper Road
219;219;111-9736 Posuere Av.
220;220;Ap #985-5322 Et Road
221;221;473-9136 Proin Ave
222;222;4140 Dolor. Road
223;223;Ap #158-8134 Nec Street
224;224;P.O. Box 441, 1947 Dictum Av.
225;225;102-7496 Dictum. Street
226;226;P.O. Box 151, 7751 Ipsum. St.
227;227;8898 Enim. Rd.
228;228;Ap #648-7907 Dignissim St.
229;229;775-8392 Duis Ave
230;230;402-5917 Faucibus St.
231;231;P.O. Box 153, 357 Magnis Street
232;232;1393 Nam St.
233;233;157-4036 Enim St.
234;234;P.O. Box 541, 3486 Fringilla Rd.
235;235;7037 Lobortis Ave
236;236;2380 Dui, St.
237;237;Ap #233-5806 A St.
238;238;660-5801 Libero. Street
239;239;P.O. Box 315, 6358 Erat Rd.
240;240;P.O. Box 488, 2900 Cum Rd.
241;241;P.O. Box 962, 4821 Morbi Ave
242;242;P.O. Box 298, 2287 Felis Ave
243;243;Ap #903-3122 Ornare, St.
244;244;824-7600 Aenean Ave
245;245;P.O. Box 179, 6699 Sollicitudin Ave
246;246;8892 Facilisis Rd.
247;247;1504 Amet, St.
248;248;P.O. Box 473, 1942 Et Rd.
249;249;1867 Sed Street
250;250;4714 Sagittis. Road
251;1;873-5174 Risus. Street
252;2;896-1711 Vestibulum Ave
253;3;P.O. Box 470, 1975 Magna. Street
254;4;1229 Suspendisse Av.
255;5;7970 Arcu. Avenue
256;6;Ap #124-1400 Pede. Rd.
257;7;9299 Sollicitudin St.
258;8;6462 Urna, Rd.
259;9;P.O. Box 907, 4202 Eget Rd.
260;10;Ap #917-6617 Tincidunt St.
261;11;Ap #338-2396 Aliquet Rd.
262;12;113-3228 Sem St.
263;13;P.O. Box 132, 6695 Risus. Avenue
264;14;890-303 Eleifend St.
265;15;Ap #424-8157 Augue, Street
266;16;588 Commodo Street
267;17;905-4449 Ipsum Rd.
268;18;300-2648 Sem St.
269;19;Ap #637-7654 Eget, Av.
270;20;737-6275 Aliquam Av.
271;21;P.O. Box 287, 2365 Magna. Street
272;22;Ap #894-8964 Eu St.
273;23;961-4583 Mauris. Ave
274;24;P.O. Box 214, 8542 Nec Street
275;25;Ap #607-6012 Eleifend Rd.
276;26;497-9292 Augue. Avenue
277;27;Ap #509-5357 Id Av.
278;28;5353 Nunc Rd.
279;29;8290 Maecenas St.
280;30;Ap #457-5232 Non Av.
281;31;P.O. Box 278, 8391 Mauris Rd.
282;32;492-1973 Cras Ave
283;33;P.O. Box 321, 1455 Magna. St.
284;34;Ap #170-8952 Ut Av.
285;35;P.O. Box 782, 6898 Dui. Ave
286;36;176-6092 Nullam Avenue
287;37;525-7241 Aliquam Avenue
288;38;450-2866 Nec Road
289;39;9752 Duis Avenue
290;40;Ap #142-3402 Placerat Street
291;41;Ap #405-5229 Et Avenue
292;42;Ap #802-7747 Tincidunt Av.
293;43;P.O. Box 205, 6060 Non Avenue
294;44;Ap #728-2813 Sollicitudin Avenue
295;45;334-1267 Laoreet, Rd.
296;46;584-1020 Aliquam Rd.
297;47;Ap #500-8102 Ligula Av.
298;48;880-8300 Ut, St.
299;49;P.O. Box 678, 167 Magna. Avenue
300;50;3921 Fusce Rd.
301;51;8629 Dolor Avenue
302;52;132-9671 Felis Street
303;53;5555 Dolor. Street
304;54;208-8179 Etiam Street
305;55;161-6625 Non, St.
306;56;P.O. Box 648, 2648 Tincidunt, Street
307;57;Ap #190-5367 Purus. Street
308;58;Ap #718-8035 Neque Avenue
309;59;1994 Nisi. Avenue
310;60;855-4314 Leo. Avenue
311;61;Ap #641-952 Lectus Rd.
312;62;249-380 Non Rd.
313;63;Ap #892-4209 Id Avenue
314;64;P.O. Box 119, 1156 Euismod Avenue
315;65;Ap #754-984 Sed Road
316;66;762-4868 Eu Avenue
317;67;P.O. Box 701, 3588 Hendrerit. Avenue
318;68;7745 Eros Av.
319;69;P.O. Box 422, 1558 Nunc Rd.
320;70;P.O. Box 826, 7312 Ipsum. Avenue
321;71;7351 Elit, Street
322;72;P.O. Box 271, 248 Auctor St.
323;73;648-7364 Turpis Rd.
324;74;Ap #799-9624 Tincidunt Road
325;75;Ap #222-7185 Aliquet St.
326;76;Ap #269-4096 Faucibus Ave
327;77;Ap #169-1483 Dictum. St.
328;78;1126 Eu, Av.
329;79;Ap #304-4353 Est Ave
330;80;P.O. Box 634, 8540 Felis. St.
331;81;P.O. Box 896, 9341 In Road
332;82;Ap #191-9787 At Street
333;83;P.O. Box 491, 6306 Volutpat St.
334;84;P.O. Box 319, 3767 Ullamcorper, Rd.
335;85;230-2322 Semper, St.
336;86;427 Ullamcorper Rd.
337;87;Ap #599-6664 Placerat, St.
338;88;Ap #255-6541 In Av.
339;89;718-3794 Pellentesque Ave
340;90;Ap #591-2773 Duis Road
341;91;P.O. Box 896, 693 Felis St.
342;92;447-4176 Ipsum. Av.
343;93;Ap #773-6941 Nisi Road
344;94;972-1734 Metus. Rd.
345;95;P.O. Box 914, 2323 Lectus. Street
346;96;3101 Fusce Rd.
347;97;P.O. Box 515, 5768 Nisl. St.
348;98;P.O. Box 418, 8488 Adipiscing Rd.
349;99;617-920 Rutrum Ave
350;100;607-3564 Libero. Avenue
351;101;P.O. Box 369, 6903 Venenatis Avenue
352;102;Ap #186-7527 Et Rd.
353;103;P.O. Box 208, 6576 Aenean Av.
354;104;Ap #942-6157 Amet, Avenue
355;105;P.O. Box 203, 9198 Sagittis. St.
356;106;3828 Parturient Rd.
357;107;P.O. Box 785, 5361 Et Road
358;108;3348 Convallis Rd.
359;109;Ap #860-6820 Cursus. Ave
360;110;1172 Venenatis St.
361;111;P.O. Box 298, 2412 In Avenue
362;112;Ap #245-7053 Convallis Avenue
363;113;6499 Ullamcorper Road
364;114;Ap #173-2331 Sodales. Rd.
365;115;Ap #935-8182 Nulla. Rd.
366;116;1489 Magna, Rd.
367;117;Ap #396-766 Mi Avenue
368;118;Ap #201-5326 Donec St.
369;119;623-2564 Ac Avenue
370;120;Ap #521-3144 Ipsum Rd.
371;121;P.O. Box 201, 730 Arcu. Rd.
372;122;787-5376 Semper Ave
373;123;Ap #556-9164 Nulla Street
374;124;111-415 Nam Street
375;125;P.O. Box 802, 5597 Turpis. Rd.
376;126;P.O. Box 694, 7589 Ac St.
377;127;907-9583 Ut Road
378;128;813-3816 Libero. Rd.
379;129;Ap #606-5539 Mauris Rd.
380;130;Ap #372-421 Libero. St.
381;131;6841 At, Road
382;132;640-4096 Ipsum. Ave
383;133;P.O. Box 152, 7558 Tincidunt Rd.
384;134;Ap #974-6612 Cubilia Rd.
385;135;Ap #128-7737 Mollis. Av.
386;136;Ap #447-4217 Vel, St.
387;137;6002 Mollis St.
388;138;Ap #212-2306 Mauris St.
389;139;814-8793 Urna Rd.
390;140;2420 Mauris Street
391;141;Ap #522-6153 Pellentesque Rd.
392;142;Ap #632-9800 Sagittis St.
393;143;P.O. Box 390, 2079 Ultrices Rd.
394;144;Ap #716-3664 Sociis St.
395;145;7344 Augue Avenue
396;146;Ap #988-8882 Eu, Rd.
397;147;2599 Nunc Avenue
398;148;320-2416 Id, Ave
399;149;5332 Tellus St.
400;150;8538 Vulputate Ave
401;151;Ap #280-7239 Cursus Rd.
402;152;Ap #372-4248 Duis St.
403;153;P.O. Box 699, 4854 Magna Rd.
404;154;6151 Scelerisque Street
405;155;P.O. Box 113, 4087 Duis St.
406;156;711-8222 Magna. Ave
407;157;2346 Nulla Street
408;158;P.O. Box 656, 2415 Scelerisque Ave
409;159;338-557 Felis. Ave
410;160;285-2575 Pellentesque St.
411;161;Ap #542-3077 Mauris St.
412;162;862-753 Ipsum. St.
413;163;4541 Pellentesque Street
414;164;2497 Purus. St.
415;165;8392 Blandit St.
416;166;Ap #985-3702 Arcu St.
417;167;7700 Sociis Rd.
418;168;P.O. Box 439, 8720 Feugiat. Rd.
419;169;816-411 Orci, Ave
420;170;P.O. Box 916, 5809 Adipiscing Street
421;171;4030 Rhoncus. St.
422;172;P.O. Box 657, 2939 Orci Road
423;173;Ap #570-8646 Mauris Ave
424;174;P.O. Box 268, 8992 Integer Road
425;175;P.O. Box 524, 7923 Molestie Rd.
426;176;4464 Velit. Rd.
427;177;P.O. Box 626, 6889 Ut St.
428;178;549-7935 Lacus Rd.
429;179;627-778 Urna Rd.
430;180;Ap #393-6514 Aliquam Rd.
431;181;P.O. Box 611, 2420 Euismod Road
432;182;6326 Vestibulum, St.
433;183;1466 Metus Avenue
434;184;414-5153 Mi St.
435;185;P.O. Box 644, 8089 Quam St.
436;186;6267 Libero. St.
437;187;Ap #627-3796 Pede. St.
438;188;632-4767 Nec, Avenue
439;189;393-6952 Nulla Rd.
440;190;984-6592 Ante St.
441;191;Ap #183-7270 Integer Road
442;192;P.O. Box 668, 3933 Accumsan Avenue
443;193;1452 Dui Rd.
444;194;890-4015 Fusce Rd.
445;195;756-1172 Elit, Road
446;196;4826 Ridiculus Rd.
447;197;8886 Quis Av.
448;198;6879 Suscipit, Av.
449;199;Ap #343-1586 Sociis Rd.
450;200;6501 Orci Rd.
451;201;P.O. Box 184, 6179 Mauris Avenue
452;202;291-3048 Quisque St.
453;203;P.O. Box 450, 8343 Nisl Street
454;204;274-7007 Ac Avenue
455;205;Ap #290-1319 Enim Road
456;206;Ap #169-6109 Quisque St.
457;207;P.O. Box 501, 9899 Sem Avenue
458;208;Ap #793-4617 Id, St.
459;209;6937 Gravida Street
460;210;6913 Orci. Rd.
461;211;9932 Enim Ave
462;212;Ap #442-1742 Ac Rd.
463;213;7810 Ante Street
464;214;1289 Tincidunt. Rd.
465;215;2194 Consectetuer, Road
466;216;P.O. Box 609, 156 Vivamus Ave
467;217;5454 Commodo St.
468;218;Ap #880-8731 Odio. St.
469;219;6284 Sed Street
470;220;P.O. Box 415, 7216 Erat. Rd.
471;221;7932 Dignissim Street
472;222;726-847 Convallis, Rd.
473;223;6158 Sed Rd.
474;224;Ap #745-5162 Et St.
475;225;868-8847 Sed Rd.
476;226;P.O. Box 873, 2603 Mattis Rd.
477;227;Ap #747-4762 Nunc Avenue
478;228;3283 Sed St.
479;229;861-3060 Dolor Av.
480;230;P.O. Box 589, 830 Mi Rd.
481;231;Ap #573-9717 Vel, St.
482;232;P.O. Box 400, 3936 Donec Ave
483;233;4016 Dolor. Street
484;234;Ap #866-9405 Ipsum St.
485;235;377-552 Fringilla Street
486;236;5965 Fringilla Av.
487;237;Ap #414-5848 Nascetur Road
488;238;4479 Et St.
489;239;9299 Vitae St.
490;240;355-8876 Mauris Rd.
491;241;Ap #138-946 Proin Street
492;242;8403 Fusce Street
493;243;Ap #446-3076 Duis Avenue
494;244;Ap #428-5206 Semper Avenue
495;245;5048 Porttitor Rd.
496;246;Ap #858-5005 Morbi Rd.
497;247;P.O. Box 894, 2847 At Rd.
498;248;3566 Aliquam Road
499;249;7714 Eleifend Rd.
500;250;7221 Id Rd.
501;1;721 Ut St.
502;2;P.O. Box 253, 9215 Sed Street
503;3;P.O. Box 568, 8503 Sit Rd.
504;4;Ap #933-4228 Aliquam Av.
505;5;856-8632 Cras Street
506;6;460-8959 Aenean Av.
507;7;6437 Sed Ave
508;8;P.O. Box 996, 8554 Magna. Av.
509;9;194-1323 Leo. Ave
510;10;Ap #594-5501 Tellus. St.
511;11;P.O. Box 966, 7646 Erat Ave
512;12;547-9018 Felis Rd.
513;13;P.O. Box 471, 5067 Sociis St.
514;14;Ap #875-8415 Ligula Avenue
515;15;7273 Nunc St.
516;16;Ap #285-3093 Nisl. Rd.
517;17;2692 Dolor. Av.
518;18;Ap #590-8636 Nisi St.
519;19;Ap #421-5241 Et St.
520;20;168-2634 Ultrices St.
521;21;Ap #236-5471 Vel St.
522;22;9062 Eget Av.
523;23;Ap #140-4153 Felis Ave
524;24;Ap #103-7418 Arcu. Street
525;25;P.O. Box 339, 4776 Egestas. Rd.
526;26;847-8831 Lectus Street
527;27;358-3329 Morbi St.
528;28;344-732 Blandit Street
529;29;4267 Enim St.
530;30;613-5881 Urna. Avenue
531;31;P.O. Box 175, 948 Donec Street
532;32;Ap #810-6889 Turpis. Avenue
533;33;P.O. Box 259, 2467 Quisque Ave
534;34;100-1522 Tellus. Road
535;35;Ap #717-7101 Magna. Avenue
536;36;Ap #832-6618 Quis Avenue
537;37;709-550 Quisque Rd.
538;38;P.O. Box 774, 7308 Eget Street
539;39;Ap #445-4383 Ipsum. Street
540;40;P.O. Box 429, 3701 Pede, Street
541;41;9070 A, St.
542;42;825 Vitae St.
543;43;9079 Pretium Av.
544;44;1791 Ultrices. Street
545;45;329-5126 Sed Avenue
546;46;695-4889 Sodales. Rd.
547;47;456-4272 Ac Rd.
548;48;Ap #871-5423 Tristique Rd.
549;49;988-9758 Mi Rd.
550;50;Ap #523-8035 Suspendisse Av.
551;51;Ap #613-551 Scelerisque Av.
552;52;980-9487 Scelerisque Avenue
553;53;2442 Non, St.
554;54;8435 Vel Road
555;55;757-6750 Augue Rd.
556;56;6833 Duis Road
557;57;P.O. Box 153, 2583 Sed Ave
558;58;P.O. Box 889, 9489 In Av.
559;59;Ap #723-2679 Curabitur Avenue
560;60;Ap #839-5633 Est, Road
561;61;4519 Sed St.
562;62;Ap #639-4657 Lorem St.
563;63;Ap #735-5653 Quis, Ave
564;64;P.O. Box 902, 9782 Amet Avenue
565;65;2146 Ut Street
566;66;P.O. Box 896, 6359 Nullam Ave
567;67;Ap #261-4771 Dapibus Road
568;68;170-6160 Ac Avenue
569;69;Ap #976-4868 Vestibulum Street
570;70;280-9990 Augue. Avenue
571;71;2585 Pede Av.
572;72;133-851 Vitae, Street
573;73;P.O. Box 734, 7429 Ligula. Rd.
574;74;P.O. Box 588, 6836 Arcu St.
575;75;P.O. Box 155, 6085 Rutrum Road
576;76;P.O. Box 379, 3298 Purus Ave
577;77;315-4854 Vitae Rd.
578;78;411-845 Dignissim St.
579;79;828-1512 Orci Street
580;80;P.O. Box 811, 5326 Vulputate St.
581;81;P.O. Box 477, 3864 Dui Street
582;82;P.O. Box 869, 2374 Et Road
583;83;P.O. Box 980, 6265 Sed St.
584;84;Ap #274-2086 Odio Av.
585;85;P.O. Box 846, 9424 Felis Ave
586;86;372-2207 Lorem, Street
587;87;Ap #931-579 Sit Av.
588;88;4700 Arcu. Road
589;89;Ap #838-5843 In, Av.
590;90;283-7288 Odio. Rd.
591;91;P.O. Box 398, 3774 Sit Street
592;92;306 Molestie Road
593;93;Ap #660-1775 Justo Road
594;94;P.O. Box 367, 7631 Imperdiet St.
595;95;6633 Ornare Street
596;96;P.O. Box 918, 7472 Gravida Rd.
597;97;8590 Urna St.
598;98;9793 Dapibus St.
599;99;Ap #973-2943 Lacus. Avenue
600;100;P.O. Box 549, 8297 Cras Rd.
601;101;152-1478 Mollis Ave
602;102;P.O. Box 898, 3777 Tellus Road
603;103;459-8594 Sagittis St.
604;104;896-3808 Risus St.
605;105;Ap #936-9837 Feugiat St.
606;106;830-1980 Magnis Av.
607;107;Ap #199-5323 Adipiscing Rd.
608;108;4164 Nam Street
609;109;Ap #724-2750 Maecenas St.
610;110;852-3639 Habitant St.
611;111;1592 Ullamcorper Road
612;112;Ap #581-6772 Ullamcorper. Avenue
613;113;P.O. Box 572, 4369 Magnis Rd.
614;114;Ap #883-4367 Faucibus Av.
615;115;882-761 Cras Avenue
616;116;Ap #533-4522 Tincidunt Rd.
617;117;5739 Fermentum Road
618;118;3209 Eget Rd.
619;119;5669 Tempor, Av.
620;120;6939 Malesuada Rd.
621;121;Ap #180-1591 Semper. Av.
622;122;973-6627 Dolor. St.
623;123;614-4561 Enim Ave
624;124;706-1005 Habitant Street
625;125;Ap #587-9751 Mauris. St.
626;126;P.O. Box 242, 3953 Quam Ave
627;127;P.O. Box 337, 690 A, St.
628;128;4677 Justo Av.
629;129;224-5436 Id Rd.
630;130;Ap #126-2184 Sed Avenue
631;131;924-8536 Arcu. Av.
632;132;8901 Ut St.
633;133;P.O. Box 894, 1270 Parturient Road
634;134;1339 Tincidunt Avenue
635;135;6678 Id Rd.
636;136;4997 Sagittis St.
637;137;P.O. Box 162, 6117 Elit. Rd.
638;138;P.O. Box 382, 1321 Elit, St.
639;139;P.O. Box 307, 7704 Velit. Ave
640;140;8548 Sem Road
641;141;811-8890 Cras St.
642;142;P.O. Box 960, 7701 Sociis Rd.
643;143;1229 Augue Av.
644;144;8753 Nunc Av.
645;145;P.O. Box 171, 8274 Sit Ave
646;146;946-5904 Justo Road
647;147;Ap #635-398 Semper St.
648;148;5495 Nulla Road
649;149;937-3895 Consequat Rd.
650;150;Ap #234-9888 Amet, St.
651;151;6102 Ipsum Street
652;152;Ap #196-5377 Donec St.
653;153;Ap #414-610 Velit. St.
654;154;112 Phasellus Av.
655;155;P.O. Box 384, 9550 Accumsan Ave
656;156;P.O. Box 750, 9260 Diam. Avenue
657;157;133-8648 Diam Av.
658;158;P.O. Box 881, 304 Eget St.
659;159;701-201 Molestie. Avenue
660;160;691-287 Semper. Avenue
661;161;387-1286 Dui. Street
662;162;3054 Vel, Avenue
663;163;4956 Urna St.
664;164;7907 Risus Rd.
665;165;5497 Et, St.
666;166;9770 Et Avenue
667;167;P.O. Box 362, 4415 Fames St.
668;168;9513 Sem, Rd.
669;169;P.O. Box 448, 7432 Nunc St.
670;170;P.O. Box 969, 9723 Lorem Rd.
671;171;P.O. Box 204, 8922 Congue Ave
672;172;P.O. Box 896, 8151 Aliquam, Av.
673;173;Ap #601-4430 Est. Avenue
674;174;4695 Ipsum Avenue
675;175;5414 Eget Rd.
676;176;1672 Orci. Avenue
677;177;P.O. Box 134, 6637 Pede. Rd.
678;178;884-2815 A St.
679;179;936-9626 Nunc. St.
680;180;269-4250 Urna Rd.
681;181;Ap #576-2710 Diam. St.
682;182;7750 Vulputate Road
683;183;910-5220 Non Ave
684;184;194-2048 At Street
685;185;P.O. Box 791, 4861 Nonummy. Avenue
686;186;813-8307 Faucibus Rd.
687;187;879-386 Diam Road
688;188;Ap #376-9542 Nec Street
689;189;Ap #422-8208 Quis, St.
690;190;9606 Iaculis St.
691;191;P.O. Box 697, 9670 Sed St.
692;192;2486 Semper Av.
693;193;Ap #661-2895 Augue, Rd.
694;194;7731 Amet Av.
695;195;P.O. Box 434, 2377 Pellentesque Rd.
696;196;Ap #971-6685 Fusce St.
697;197;P.O. Box 569, 9222 Gravida. St.
698;198;P.O. Box 811, 4828 Semper Rd.
699;199;2586 Fringilla, St.
700;200;469-9107 Ornare, St.
701;1;6026 Sed Av.
702;2;P.O. Box 731, 2237 Pellentesque Rd.
703;3;1751 Cursus Ave
704;4;Ap #957-3328 Orci Street
705;5;P.O. Box 580, 3856 Congue. Ave
706;6;169-3774 Auctor Road
707;7;P.O. Box 190, 9394 Eros St.
708;8;5978 Libero. Avenue
709;9;P.O. Box 258, 9736 Auctor St.
710;10;4039 Eu Street
711;11;433-6339 Diam. Avenue
712;12;P.O. Box 311, 5058 Aenean Avenue
713;13;210-2656 Arcu. Av.
714;14;433-5829 Dui Road
715;15;416-1968 Urna Avenue
716;16;Ap #825-8591 Vel, Avenue
717;17;402-6603 Eget, Street
718;18;427-8939 At Rd.
719;19;813-8532 Risus St.
720;20;501-4867 Est, Ave
721;21;Ap #327-8912 Augue Street
722;22;P.O. Box 907, 6015 Duis Street
723;23;8962 Ipsum St.
724;24;Ap #740-4129 Mauris Avenue
725;25;Ap #337-7773 Posuere Street
726;26;P.O. Box 943, 1039 Euismod Ave
727;27;Ap #801-2589 Integer Road
728;28;8339 Viverra. Rd.
729;29;497-6686 Orci. Av.
730;30;555-8533 Cras Av.
731;31;P.O. Box 422, 2047 Tempus Av.
732;32;P.O. Box 720, 9708 Ligula. Rd.
733;33;Ap #265-1127 Aliquam St.
734;34;P.O. Box 470, 1342 Velit. Rd.
735;35;8141 Molestie Av.
736;36;899-8247 Odio Avenue
737;37;547-8454 Arcu. St.
738;38;P.O. Box 319, 3792 Elit. Rd.
739;39;Ap #288-2207 Nunc. Street
740;40;Ap #261-165 Pellentesque St.
741;41;Ap #405-3835 Orci. St.
742;42;P.O. Box 601, 4200 Gravida St.
743;43;P.O. Box 755, 3931 Pellentesque Street
744;44;P.O. Box 854, 7689 Ultrices Street
745;45;P.O. Box 518, 9249 Dolor Road
746;46;Ap #942-777 Maecenas Road
747;47;112 Risus Ave
748;48;9149 Purus Avenue
749;49;491-552 Aliquam Av.
750;50;465-3719 Amet Rd.
751;51;627-2181 Nam Av.
752;52;173-8532 Tempus St.
753;53;2902 Orci. Avenue
754;54;292-2153 Habitant Av.
755;55;P.O. Box 411, 6868 Lorem Rd.
756;56;536-4577 Dolor. St.
757;57;5391 Rutrum St.
758;58;330-8935 Ultricies Road
759;59;P.O. Box 573, 2582 Malesuada Rd.
760;60;396-9805 Dui Avenue
761;61;Ap #148-129 Tellus. Ave
762;62;618-6390 Laoreet Street
763;63;P.O. Box 981, 6550 Tellus Street
764;64;Ap #685-8308 Odio. Street
765;65;214-9138 Ullamcorper, St.
766;66;969-4882 Dui. St.
767;67;P.O. Box 439, 1112 Phasellus Avenue
768;68;203-212 Ante Street
769;69;699 Ligula. Ave
770;70;Ap #632-9288 Pede Road
771;71;P.O. Box 165, 5759 Eget Av.
772;72;379-2629 Urna. St.
773;73;327-4125 Mattis. Av.
774;74;518-7354 Tempus, Avenue
775;75;244-6364 Nullam St.
776;76;943-6181 Elit, St.
777;77;P.O. Box 205, 8666 Massa. Road
778;78;P.O. Box 861, 1152 Sociis St.
779;79;Ap #984-712 Diam St.
780;80;1745 Eros. Av.
781;81;416-9617 Cursus Avenue
782;82;906-4570 Ipsum Avenue
783;83;Ap #135-8368 Quis Street
784;84;P.O. Box 402, 9377 Ultricies St.
785;85;P.O. Box 332, 3459 Vel Rd.
786;86;718-5273 Diam St.
787;87;P.O. Box 546, 2642 Tempor Avenue
788;88;Ap #939-2367 Eget, Av.
789;89;8873 Posuere Av.
790;90;P.O. Box 249, 717 Mauris Road
791;91;347-1367 Pellentesque. St.
792;92;5599 Luctus, St.
793;93;718-5458 Et Avenue
794;94;P.O. Box 489, 5645 Ut, Road
795;95;5567 Nulla. Rd.
796;96;140-6413 Nullam Road
797;97;P.O. Box 773, 1557 Aliquam Ave
798;98;399-5424 Malesuada Street
799;99;2453 Vel Rd.
800;100;Ap #433-2427 Feugiat. Av.
801;151;4927 Duis St.
802;152;P.O. Box 468, 9322 Magna St.
803;153;P.O. Box 430, 3763 Suspendisse Av.
804;154;Ap #483-1536 Pharetra Road
805;155;5407 Nec, Ave
806;156;5936 Tincidunt Street
807;157;Ap #920-3724 Nec, Rd.
808;158;224-1562 Nec, Street
809;159;939-9933 Varius Rd.
810;160;P.O. Box 678, 3974 Convallis, St.
811;161;P.O. Box 642, 3688 Ligula. St.
812;162;P.O. Box 591, 9500 Orci St.
813;163;347-5624 In St.
814;164;Ap #653-2627 Sit Rd.
815;165;Ap #954-5392 Vestibulum, Rd.
816;166;8049 Vivamus Avenue
817;167;P.O. Box 812, 8110 Eget Ave
818;168;P.O. Box 112, 3746 Sodales Street
819;169;Ap #763-121 Felis. Road
820;170;759-7999 Netus Ave
821;171;3200 Luctus Rd.
822;172;2727 Ac Ave
823;173;9498 Quis Road
824;174;Ap #358-2879 Enim St.
825;175;P.O. Box 251, 4655 Non Rd.
826;176;318-5566 Arcu Rd.
827;177;Ap #195-2982 Amet Ave
828;178;680-2172 Montes, St.
829;179;Ap #144-1567 Proin Rd.
830;180;385-8788 Cras Street
831;181;P.O. Box 685, 4952 Ligula. Street
832;182;843-4768 A, Avenue
833;183;2223 Dui Rd.
834;184;704-2377 Purus Street
835;185;1049 Eleifend Road
836;186;Ap #630-9972 Nulla. Av.
837;187;Ap #289-402 Placerat, Road
838;188;P.O. Box 256, 1752 Iaculis St.
839;189;6289 Amet Rd.
840;190;Ap #996-8398 Velit Road
841;191;Ap #212-7551 Non Street
842;192;Ap #899-8358 Eu Street
843;193;Ap #612-5750 Maecenas Rd.
844;194;P.O. Box 819, 3003 Elit. Rd.
845;195;Ap #689-998 Hendrerit Ave
846;196;515-7935 Mauris Rd.
847;197;P.O. Box 262, 2162 Dictum Road
848;198;983-2832 Nunc St.
849;199;Ap #383-6093 Tincidunt St.
850;200;P.O. Box 802, 8324 Feugiat Av.
851;201;Ap #481-8555 Massa. St.
852;202;661-9610 Venenatis St.
853;203;P.O. Box 350, 8775 Mus. Ave
854;204;3919 Velit. St.
855;205;1175 Vitae Av.
856;206;4532 Donec Rd.
857;207;4649 Malesuada Ave
858;208;4790 Viverra. Ave
859;209;Ap #768-8273 Id, Avenue
860;210;2200 Risus Street
861;211;P.O. Box 586, 4985 Orci Ave
862;212;Ap #572-1895 Ac Avenue
863;213;Ap #912-352 Gravida Rd.
864;214;974-8547 Pellentesque St.
865;215;831-9049 Non Avenue
866;216;P.O. Box 719, 3271 Proin Rd.
867;217;7195 Purus, St.
868;218;731-6264 Sed Rd.
869;219;2265 Proin St.
870;220;P.O. Box 640, 9652 Euismod St.
871;221;214-4968 Felis St.
872;222;7523 Dignissim. Av.
873;223;P.O. Box 481, 653 Amet St.
874;224;3713 Torquent St.
875;225;Ap #816-4194 Sed Rd.
876;226;Ap #484-4141 Suspendisse Ave
877;227;P.O. Box 366, 2890 Vel, Street
878;228;2497 Justo St.
879;229;3388 Pede. Av.
880;230;Ap #412-9950 Quis St.
881;231;6070 Iaculis Av.
882;232;2946 Dictum Avenue
883;233;Ap #538-2840 Arcu Av.
884;234;9822 Tellus, Road
885;235;673 Quis Avenue
886;236;7869 Eu Av.
887;237;Ap #757-4963 Sociis Avenue
888;238;P.O. Box 456, 7665 Orci St.
889;239;Ap #950-3462 Vitae, Av.
890;240;5826 Nascetur St.
891;241;P.O. Box 149, 2520 Nullam Rd.
892;242;P.O. Box 310, 6593 Aliquam Rd.
893;243;P.O. Box 780, 8188 Nullam St.
894;244;Ap #388-2163 Tincidunt. Road
895;245;248-7069 Eros. Avenue
896;246;Ap #429-4834 Suspendisse St.
897;247;P.O. Box 343, 6753 Donec Av.
898;248;P.O. Box 957, 9795 Consequat Av.
899;249;847-5062 Pellentesque Rd.
900;250;P.O. Box 917, 2739 Erat St.